,pH,N,P,K,OC,Fe,Temperature,Humidity
0,7.841471764331911,281.0223380714434,22.88192514037149,565.6038056167879,0.4926599948046626,3.989927275875973,26.92299854734259,72.57436214039133
8,7.599702301438096,377.54053652608917,12.906269072574556,303.51223814611143,0.5688915865498835,3.4687993323900628,27.43756932124207,63.832136675805685
10,7.809234995011907,214.57824192184947,29.218343119522128,338.5776618220072,0.5991089477914345,5.29346697247527,26.22782631286728,77.22605941821443
9,7.349062698031777,354.2410218062577,14.074507461926384,423.7058289174337,0.6468203075060449,7.951104384836827,24.960608911100444,98.10489984833187
