,pH,N,P,K,OC,Fe,Temperature,Humidity
3,7.68720379657673,248.11486786170673,10.110535175509382,499.6740133039617,0.5538568490125344,2.80144436010702,27.008673643553482,64.44281343000179
1,7.8543232594293215,220.3924606778603,20.470139816759968,484.54909918323443,0.4965302976749191,4.8659182869432716,26.998451042949625,66.52697327332756
2,7.757604398343066,297.1361170326247,11.54283825957541,477.18162011342696,0.4752096884193295,5.081641249704176,26.72999041883297,68.83520705859883
