,pH,N,P,K,OC,Fe,Temperature,Humidity
17,7.4840538571903705,272.10844606080207,43.11017173815787,395.9407504186808,0.5834161502680618,4.635895695071372,25.639349928157806,91.64927390464408
0,7.841471764331911,281.0223380714434,22.88192514037149,565.6038056167879,0.4926599948046626,3.989927275875973,26.92299854734259,72.57436214039133
4,7.8543232594293215,220.3924606778603,20.470139816759968,484.54909918323443,0.4965302976749191,4.8659182869432716,26.998451042949625,66.52697327332756
14,7.599702301438096,377.54053652608917,12.906269072574556,303.51223814611143,0.5688915865498835,3.4687993323900628,27.43756932124207,63.832136675805685
10,7.699231719857859,412.85413129370727,63.78394609358713,504.3507653096726,0.6015400069276408,1.9136217065914247,29.41706082190891,59.83991606194006
6,7.757604398343066,297.1361170326247,11.54283825957541,477.18162011342696,0.4752096884193295,5.081641249704176,26.72999041883297,68.83520705859883
