,pH,N,P,K,OC,Fe,Temperature,Humidity
10,7.699231719857859,412.85413129370727,63.78394609358713,504.3507653096726,0.6015400069276408,1.9136217065914247,24.4941725866148,63.7678361934536
16,7.349062698031777,354.2410218062577,14.074507461926384,423.7058289174337,0.6468203075060449,7.951104384836827,22.65225204835534,87.34496325826716
18,7.4840538571903705,272.10844606080207,43.11017173815787,395.9407504186808,0.5834161502680618,4.635895695071372,24.15268130070682,76.69334245833603
0,7.841471764331911,281.0223380714434,22.88192514037149,565.6038056167879,0.4926599948046626,3.989927275875973,22.74361423361709,65.1556649950171
21,7.683549815232627,343.4226102041797,29.58275134182082,564.5695439467926,0.5118370962744409,2.0424144741785484,23.772893517596174,60.74913583234591
6,6.943874315618768,297.2148280844644,36.08298342242359,362.0574072310183,0.476337919376361,8.02325970143871,22.92234664982236,87.48833268331455
