,pH,N,P,K,OC,Fe,Temperature,Humidity
21,7.8239795179090725,231.1682855396941,14.665892812154713,505.62605152199393,0.475367662601586,3.639068533176333,27.551594541551317,62.88611407754426
5,7.8543232594293215,220.3924606778603,20.470139816759968,484.54909918323443,0.4965302976749191,4.8659182869432716,26.998451042949625,66.52697327332756
25,7.809234995011907,214.57824192184947,29.218343119522128,338.5776618220072,0.5991089477914345,5.29346697247527,26.22782631286728,77.22605941821443
27,7.4840538571903705,272.10844606080207,43.11017173815787,395.9407504186808,0.5834161502680618,4.635895695071372,25.639349928157806,91.64927390464408
8,7.867894464501663,245.37859783987264,28.07470234440918,547.3581717397586,0.4810015391269412,5.075911479891489,27.90932241598366,58.84496417210092
10,7.68720379657673,248.11486786170673,10.110535175509382,499.6740133039617,0.5538568490125344,2.80144436010702,27.008673643553482,64.44281343000179
29,5.736800764699777,293.9054801979372,32.85878332878283,287.4296709188629,1.4839063037755396,39.75968563371685,24.686953606407823,101.59250004551264
26,7.809234995011907,214.57824192184947,29.218343119522128,338.5776618220072,0.5991089477914345,5.29346697247527,26.22782631286728,77.22605941821443
33,7.683549815232627,343.4226102041797,29.58275134182082,564.5695439467926,0.5118370962744409,2.0424144741785484,28.179417047007927,63.75770296833969
