,pH,N,P,K,OC,Fe,Temperature,Humidity
11,7.557732975578044,175.4527742973025,20.290528209970024,420.3320751799996,0.4353646773634288,8.99897675231491,26.64464088304171,75.36909736260779
0,7.841471764331911,281.0223380714434,22.88192514037149,565.6038056167879,0.4926599948046626,3.989927275875973,26.92299854734259,72.57436214039133
15,7.349062698031777,354.2410218062577,14.074507461926384,423.7058289174337,0.6468203075060449,7.951104384836827,24.960608911100444,98.10489984833187
14,7.8239795179090725,231.1682855396941,14.665892812154713,505.62605152199393,0.475367662601586,3.639068533176333,27.551594541551317,62.88611407754426
9,7.699231719857859,412.85413129370727,63.78394609358713,504.3507653096726,0.6015400069276408,1.9136217065914247,29.41706082190891,59.83991606194006
