,pH,N,P,K,OC,Fe,Temperature,Humidity
3,7.599702301438096,377.54053652608917,12.906269072574556,303.51223814611143,0.5688915865498835,3.4687993323900628,27.43756932124207,63.832136675805685
1,7.68720379657673,248.11486786170673,10.110535175509382,499.6740133039617,0.5538568490125344,2.80144436010702,27.008673643553482,64.44281343000179
