,pH,N,P,K,OC,Fe,Temperature,Humidity
3,6.134085986029026,493.2647116183921,22.54321821923648,369.96285573077216,0.7399532307719445,11.72068487355692,26.254053106081425,82.13896600657259
1,7.426791135866537,244.98131799481547,28.93770746783059,398.30595997466736,0.8620975068465228,5.98027894592925,25.43573363277061,85.76546934765615
