,pH,N,P,K,OC,Fe,Temperature,Humidity
10,7.557732975578044,175.4527742973025,20.290528209970024,420.3320751799996,0.4353646773634288,8.99897675231491,26.64464088304171,75.36909736260779
16,6.209762722704152,326.26108204210726,10.467186868617047,414.0301750525335,1.424148079118713,20.358334874616943,25.41466191195352,90.2851516558192
19,5.736800764699777,293.9054801979372,32.85878332878283,287.4296709188629,1.4839063037755396,39.75968563371685,24.686953606407823,101.59250004551264
0,7.630430933057536,260.8154151203952,25.898278625465075,602.5506701379178,0.4568685708055318,3.1706873977810752,27.89346721130176,63.469081715511074
22,6.774832160838024,752.8431417832205,33.60712298605781,575.7310304030083,1.5600241052173134,21.383073857425963,26.51303425313155,80.92627283441756
6,6.943874315618768,297.2148280844644,36.08298342242359,362.0574072310183,0.476337919376361,8.02325970143871,27.589117238057657,78.59449640120279
