,pH,N,P,K,OC,Fe,Temperature,Humidity
10,7.68720379657673,248.11486786170673,10.110535175509382,499.6740133039617,0.5538568490125344,2.80144436010702,27.008673643553482,64.44281343000179
16,7.8239795179090725,231.1682855396941,14.665892812154713,505.62605152199393,0.475367662601586,3.639068533176333,27.551594541551317,62.88611407754426
18,7.809234995011907,214.57824192184947,29.218343119522128,338.5776618220072,0.5991089477914345,5.29346697247527,26.22782631286728,77.22605941821443
0,7.841471764331911,281.0223380714434,22.88192514037149,565.6038056167879,0.4926599948046626,3.989927275875973,26.92299854734259,72.57436214039133
21,7.683549815232627,343.4226102041797,29.58275134182082,564.5695439467926,0.5118370962744409,2.0424144741785484,28.179417047007927,63.75770296833969
6,6.943874315618768,297.2148280844644,36.08298342242359,362.0574072310183,0.476337919376361,8.02325970143871,27.589117238057657,78.59449640120279
