,pH,N,P,K,OC,Fe,Temperature,Humidity
11,7.426791135866537,244.98131799481547,28.93770746783059,398.30595997466736,0.8620975068465228,5.98027894592925,24.51424180270525,77.03386179765197
0,7.630430933057536,260.8154151203952,25.898278625465075,602.5506701379178,0.4568685708055318,3.1706873977810752,27.058886165550128,51.311776773372536
15,7.809234995011907,214.57824192184947,29.218343119522128,338.5776618220072,0.5991089477914345,5.29346697247527,26.35982043051435,64.70221598534472
14,7.349062698031777,354.2410218062577,14.074507461926384,423.7058289174337,0.6468203075060449,7.951104384836827,24.478661362080828,87.07773631991745
9,7.508801989302187,294.09366869855637,22.5672485235636,428.0346455761969,0.5560861120754691,5.129276695282892,27.001823343445,51.50588884751004
