,pH,N,P,K,OC,Fe,Temperature,Humidity
0,7.68720379657673,248.11486786170673,10.110535175509382,499.6740133039617,0.5538568490125344,2.80144436010702,27.008673643553482,64.44281343000179
10,7.349062698031777,354.2410218062577,14.074507461926384,423.7058289174337,0.6468203075060449,7.951104384836827,24.960608911100444,98.10489984833187
11,7.349062698031777,354.2410218062577,14.074507461926384,423.7058289174337,0.6468203075060449,7.951104384836827,22.65225204835534,87.34496325826716
14,7.4840538571903705,272.10844606080207,43.11017173815787,395.9407504186808,0.5834161502680618,4.635895695071372,25.639349928157806,91.64927390464408
9,7.8239795179090725,231.1682855396941,14.665892812154713,505.62605152199393,0.475367662601586,3.639068533176333,27.551594541551317,62.88611407754426
