,pH,N,P,K,OC,Fe,Temperature,Humidity
10,7.68720379657673,248.11486786170673,10.110535175509382,499.6740133039617,0.5538568490125344,2.80144436010702,24.12737364355349,49.313502337064726
16,7.8239795179090725,231.1682855396941,14.665892812154713,505.62605152199393,0.475367662601586,3.639068533176333,24.3913063062572,49.59168499689287
18,7.809234995011907,214.57824192184947,29.218343119522128,338.5776618220072,0.5991089477914345,5.29346697247527,24.90303023443592,62.43456406804165
0,7.841471764331911,281.0223380714434,22.88192514037149,565.6038056167879,0.4926599948046626,3.989927275875973,22.74361423361709,65.1556649950171
21,7.683549815232627,343.4226102041797,29.58275134182082,564.5695439467926,0.5118370962744409,2.0424144741785484,23.772893517596174,60.74913583234591
6,6.943874315618768,297.2148280844644,36.08298342242359,362.0574072310183,0.476337919376361,8.02325970143871,22.92234664982236,87.48833268331455
